{
  "metadata": {
    "dataset_name": "wadi_enip",
    "created_at": "2025-10-29T14:43:38.697216",
    "total_periods": 6,
    "unique_periods": 4,
    "config_info": {
      "detection_mode": "dir_len_con",
      "autocorr_threshold": 0.7,
      "max_lag": 40,
      "min_segments": 10,
      "similarity_threshold": 0.98,
      "time_jitter_ratio": 1.2,
      "coverage_threshold": 0.55,
      "convergence_patience": 50,
      "best_interval_std_weight": 1.0,
      "tolerance": 0.95,
      "save_period_csv": true,
      "save_result_json": true,
      "max_workers": 24
    },
    "additional_metadata": {
      "input_folder": "src/data/period_identification/wadi_enip/raw/wadi_capture_00050_20231218122737",
      "output_folder": "src/data/period_identification/wadi_enip/results/wadi_capture_00050_20231218122737",
      "scada_ip_filter": "",
      "total_files_processed": 6,
      "successful_periods": 6
    }
  },
  "session_period_mapping": {
    "by_period": {
      "2": [
        "('192.168.1.53', '192.168.1.63', 6)",
        "('192.168.1.3', '192.168.1.63', 6)",
        "('192.168.1.53', '192.168.1.67', 6)"
      ],
      "4": [
        "('192.168.1.3', '192.168.1.67', 6)"
      ],
      "6": [
        "('192.168.1.13', '192.168.1.67', 6)"
      ],
      "3": [
        "('192.168.1.3', '192.168.1.60', 6)"
      ]
    },
    "by_session": {
      "('192.168.1.53', '192.168.1.63', 6)": 2,
      "('192.168.1.3', '192.168.1.63', 6)": 2,
      "('192.168.1.53', '192.168.1.67', 6)": 2,
      "('192.168.1.3', '192.168.1.67', 6)": 4,
      "('192.168.1.13', '192.168.1.67', 6)": 6,
      "('192.168.1.3', '192.168.1.60', 6)": 3
    }
  },
  "detailed_period_info": {
    "('192.168.1.53', '192.168.1.63', 6)": {
      "period": 2,
      "period_pattern": "C-108-0x0070:0x4C,S-383-0x0070:0xCC",
      "period_interval": 1.0145341966210342,
      "period_std": 0.3503366939614712,
      "autocorr_score": 0.7656892952949009,
      "coverage": 0.5698478561549101,
      "similaritys_mean": 1.0,
      "segment_count": 206
    },
    "('192.168.1.3', '192.168.1.67', 6)": {
      "period": 4,
      "period_pattern": "C-108-0x0070:0x4C,S-594-0x0070:0xCC,C-108-0x0070:0x4C,S-119-0x0070:0xCC",
      "period_interval": 0.6927966276804606,
      "period_std": 0.3789788773475556,
      "autocorr_score": 0.7927773766446632,
      "coverage": 0.7742782152230971,
      "similaritys_mean": 1.0,
      "segment_count": 295
    },
    "('192.168.1.3', '192.168.1.63', 6)": {
      "period": 2,
      "period_pattern": "C-108-0x0070:0x4C,S-400-0x0070:0xCC",
      "period_interval": 1.0041228462668026,
      "period_std": 0.33057304506891927,
      "autocorr_score": 0.7730778315279173,
      "coverage": 0.5710306406685237,
      "similaritys_mean": 1.0,
      "segment_count": 205
    },
    "('192.168.1.53', '192.168.1.67', 6)": {
      "period": 2,
      "period_pattern": "C-108-0x0070:0x4C,S-506-0x0070:0xCC",
      "period_interval": 0.6691978500735375,
      "period_std": 0.3829080800556866,
      "autocorr_score": 0.886836897549922,
      "coverage": 0.6688172043010753,
      "similaritys_mean": 1.0,
      "segment_count": 311
    },
    "('192.168.1.13', '192.168.1.67', 6)": {
      "period": 6,
      "period_pattern": "C-108-0x0070:0x4C,S-594-0x0070:0xCC,C-108-0x0070:0x4C,S-594-0x0070:0xCC,C-108-0x0070:0x4C,S-594-0x0070:0xCC",
      "period_interval": 0.6769864535410934,
      "period_std": 0.37032061107446823,
      "autocorr_score": 0.8499108641730612,
      "coverage": 0.6916030534351145,
      "similaritys_mean": 1.0,
      "segment_count": 302
    },
    "('192.168.1.3', '192.168.1.60', 6)": {
      "period": 3,
      "period_pattern": "C-120-0x0070:0x4C,C-138-0x006F:0x52,C-138-0x006F:0x52",
      "period_interval": 0.01964539155663351,
      "period_std": 0.012836640771838222,
      "autocorr_score": 0.7614092036059953,
      "coverage": 0.8907921660333236,
      "similaritys_mean": 1.0,
      "segment_count": 5079
    }
  }
}