{
  "metadata": {
    "dataset_name": "wadi_enip",
    "created_at": "2025-10-29T14:44:07.539249",
    "total_periods": 7,
    "unique_periods": 4,
    "config_info": {
      "detection_mode": "dir_len_con",
      "autocorr_threshold": 0.7,
      "max_lag": 40,
      "min_segments": 10,
      "similarity_threshold": 0.98,
      "time_jitter_ratio": 1.2,
      "coverage_threshold": 0.55,
      "convergence_patience": 50,
      "best_interval_std_weight": 1.0,
      "tolerance": 0.95,
      "save_period_csv": true,
      "save_result_json": true,
      "max_workers": 24
    },
    "additional_metadata": {
      "input_folder": "src/data/period_identification/wadi_enip/raw/wadi_capture_00051_20231218123107",
      "output_folder": "src/data/period_identification/wadi_enip/results/wadi_capture_00051_20231218123107",
      "scada_ip_filter": "",
      "total_files_processed": 7,
      "successful_periods": 7
    }
  },
  "session_period_mapping": {
    "by_period": {
      "2": [
        "('192.168.1.53', '192.168.1.63', 6)",
        "('192.168.1.3', '192.168.1.63', 6)",
        "('192.168.1.53', '192.168.1.67', 6)"
      ],
      "4": [
        "('192.168.1.3', '192.168.1.67', 6)",
        "('192.168.1.13', '192.168.1.63', 6)"
      ],
      "6": [
        "('192.168.1.13', '192.168.1.67', 6)"
      ],
      "3": [
        "('192.168.1.3', '192.168.1.60', 6)"
      ]
    },
    "by_session": {
      "('192.168.1.53', '192.168.1.63', 6)": 2,
      "('192.168.1.3', '192.168.1.63', 6)": 2,
      "('192.168.1.53', '192.168.1.67', 6)": 2,
      "('192.168.1.3', '192.168.1.67', 6)": 4,
      "('192.168.1.13', '192.168.1.63', 6)": 4,
      "('192.168.1.13', '192.168.1.67', 6)": 6,
      "('192.168.1.3', '192.168.1.60', 6)": 3
    }
  },
  "detailed_period_info": {
    "('192.168.1.53', '192.168.1.63', 6)": {
      "period": 2,
      "period_pattern": "C-108-0x0070:0x4C,S-383-0x0070:0xCC",
      "period_interval": 1.0063571328098335,
      "period_std": 0.30775591350374465,
      "autocorr_score": 0.8310781832169531,
      "coverage": 0.5782122905027933,
      "similaritys_mean": 1.0,
      "segment_count": 207
    },
    "('192.168.1.3', '192.168.1.67', 6)": {
      "period": 4,
      "period_pattern": "C-108-0x0070:0x4C,S-594-0x0070:0xCC,C-108-0x0070:0x4C,S-119-0x0070:0xCC",
      "period_interval": 0.6529952547489069,
      "period_std": 0.25407600609815245,
      "autocorr_score": 0.8256499121252384,
      "coverage": 0.8015364916773368,
      "similaritys_mean": 1.0,
      "segment_count": 313
    },
    "('192.168.1.3', '192.168.1.63', 6)": {
      "period": 2,
      "period_pattern": "C-108-0x0070:0x4C,S-400-0x0070:0xCC",
      "period_interval": 1.0165565330993953,
      "period_std": 0.3341457881017208,
      "autocorr_score": 0.8251736666439342,
      "coverage": 0.5706293706293706,
      "similaritys_mean": 1.0,
      "segment_count": 204
    },
    "('192.168.1.13', '192.168.1.63', 6)": {
      "period": 4,
      "period_pattern": "C-108-0x0070:0x4C,S-594-0x0070:0xCC,C-108-0x0070:0x4C,S-594-0x0070:0xCC",
      "period_interval": 0.43098648885885876,
      "period_std": 0.5011687886170157,
      "autocorr_score": 0.7285778988586579,
      "coverage": 0.740550928891736,
      "similaritys_mean": 1.0,
      "segment_count": 289
    },
    "('192.168.1.53', '192.168.1.67', 6)": {
      "period": 2,
      "period_pattern": "C-108-0x0070:0x4C,S-506-0x0070:0xCC",
      "period_interval": 0.6670490755484655,
      "period_std": 0.2563757543566771,
      "autocorr_score": 0.881119704422002,
      "coverage": 0.6688034188034188,
      "similaritys_mean": 1.0,
      "segment_count": 313
    },
    "('192.168.1.13', '192.168.1.67', 6)": {
      "period": 6,
      "period_pattern": "C-108-0x0070:0x4C,S-594-0x0070:0xCC,C-108-0x0070:0x4C,S-594-0x0070:0xCC,C-108-0x0070:0x4C,S-594-0x0070:0xCC",
      "period_interval": 0.6583790362459941,
      "period_std": 0.25879973763961217,
      "autocorr_score": 0.8460039447411506,
      "coverage": 0.6966292134831461,
      "similaritys_mean": 1.0,
      "segment_count": 310
    },
    "('192.168.1.3', '192.168.1.60', 6)": {
      "period": 3,
      "period_pattern": "C-120-0x0070:0x4C,C-138-0x006F:0x52,C-138-0x006F:0x52",
      "period_interval": 0.019699573516845703,
      "period_std": 0.012959311930447548,
      "autocorr_score": 0.7627189818238573,
      "coverage": 0.8896890918672054,
      "similaritys_mean": 1.0,
      "segment_count": 5065
    }
  }
}