{
  "metadata": {
    "dataset_name": "wadi_enip",
    "created_at": "2025-10-29T14:40:05.663928",
    "total_periods": 7,
    "unique_periods": 4,
    "config_info": {
      "detection_mode": "dir_len_con",
      "autocorr_threshold": 0.7,
      "max_lag": 40,
      "min_segments": 10,
      "similarity_threshold": 0.98,
      "time_jitter_ratio": 1.2,
      "coverage_threshold": 0.55,
      "convergence_patience": 50,
      "best_interval_std_weight": 1.0,
      "tolerance": 0.95,
      "save_period_csv": true,
      "save_result_json": true,
      "max_workers": 24
    },
    "additional_metadata": {
      "input_folder": "src/data/period_identification/wadi_enip/raw/wadi_capture_00043_20231218120304",
      "output_folder": "src/data/period_identification/wadi_enip/results/wadi_capture_00043_20231218120304",
      "scada_ip_filter": "",
      "total_files_processed": 7,
      "successful_periods": 7
    }
  },
  "session_period_mapping": {
    "by_period": {
      "2": [
        "('192.168.1.53', '192.168.1.63', 6)",
        "('192.168.1.3', '192.168.1.63', 6)",
        "('192.168.1.53', '192.168.1.67', 6)"
      ],
      "4": [
        "('192.168.1.3', '192.168.1.67', 6)",
        "('192.168.1.13', '192.168.1.63', 6)"
      ],
      "6": [
        "('192.168.1.13', '192.168.1.67', 6)"
      ],
      "3": [
        "('192.168.1.3', '192.168.1.60', 6)"
      ]
    },
    "by_session": {
      "('192.168.1.53', '192.168.1.63', 6)": 2,
      "('192.168.1.3', '192.168.1.63', 6)": 2,
      "('192.168.1.53', '192.168.1.67', 6)": 2,
      "('192.168.1.3', '192.168.1.67', 6)": 4,
      "('192.168.1.13', '192.168.1.63', 6)": 4,
      "('192.168.1.13', '192.168.1.67', 6)": 6,
      "('192.168.1.3', '192.168.1.60', 6)": 3
    }
  },
  "detailed_period_info": {
    "('192.168.1.53', '192.168.1.63', 6)": {
      "period": 2,
      "period_pattern": "C-108-0x0070:0x4C,S-383-0x0070:0xCC",
      "period_interval": 0.99562273252578,
      "period_std": 0.3136331649024482,
      "autocorr_score": 0.7530121475869902,
      "coverage": 0.581267217630854,
      "similaritys_mean": 1.0,
      "segment_count": 211
    },
    "('192.168.1.3', '192.168.1.67', 6)": {
      "period": 4,
      "period_pattern": "C-108-0x0070:0x4C,S-594-0x0070:0xCC,C-108-0x0070:0x4C,S-119-0x0070:0xCC",
      "period_interval": 0.6837673427274563,
      "period_std": 0.37355253615729994,
      "autocorr_score": 0.7887139687825065,
      "coverage": 0.7736093143596378,
      "similaritys_mean": 1.0,
      "segment_count": 299
    },
    "('192.168.1.3', '192.168.1.63', 6)": {
      "period": 2,
      "period_pattern": "C-108-0x0070:0x4C,S-400-0x0070:0xCC",
      "period_interval": 0.9813173345799716,
      "period_std": 0.28474313201675966,
      "autocorr_score": 0.7977270304104728,
      "coverage": 0.5843621399176955,
      "similaritys_mean": 1.0,
      "segment_count": 213
    },
    "('192.168.1.13', '192.168.1.63', 6)": {
      "period": 4,
      "period_pattern": "C-108-0x0070:0x4C,S-594-0x0070:0xCC,C-108-0x0070:0x4C,S-594-0x0070:0xCC",
      "period_interval": 0.4271759551924628,
      "period_std": 0.492581942204658,
      "autocorr_score": 0.7546647123576103,
      "coverage": 0.7457627118644068,
      "similaritys_mean": 1.0,
      "segment_count": 297
    },
    "('192.168.1.53', '192.168.1.67', 6)": {
      "period": 2,
      "period_pattern": "C-108-0x0070:0x4C,S-506-0x0070:0xCC",
      "period_interval": 0.6705020466158467,
      "period_std": 0.3633430740614286,
      "autocorr_score": 0.8804838002584938,
      "coverage": 0.6673819742489271,
      "similaritys_mean": 1.0,
      "segment_count": 311
    },
    "('192.168.1.13', '192.168.1.67', 6)": {
      "period": 6,
      "period_pattern": "C-108-0x0070:0x4C,S-594-0x0070:0xCC,C-108-0x0070:0x4C,S-594-0x0070:0xCC,C-108-0x0070:0x4C,S-594-0x0070:0xCC",
      "period_interval": 0.6913184012396861,
      "period_std": 0.34951595926987106,
      "autocorr_score": 0.8294577893256138,
      "coverage": 0.6732373009855952,
      "similaritys_mean": 1.0,
      "segment_count": 296
    },
    "('192.168.1.3', '192.168.1.60', 6)": {
      "period": 3,
      "period_pattern": "C-120-0x0070:0x4C,C-138-0x006F:0x52,C-138-0x006F:0x52",
      "period_interval": 0.019814135258248107,
      "period_std": 0.01336513960772311,
      "autocorr_score": 0.7555597943474278,
      "coverage": 0.8870379091123146,
      "similaritys_mean": 1.0,
      "segment_count": 5023
    }
  }
}