{
  "metadata": {
    "dataset_name": "wadi_enip",
    "created_at": "2025-10-29T14:41:02.975497",
    "total_periods": 7,
    "unique_periods": 4,
    "config_info": {
      "detection_mode": "dir_len_con",
      "autocorr_threshold": 0.7,
      "max_lag": 40,
      "min_segments": 10,
      "similarity_threshold": 0.98,
      "time_jitter_ratio": 1.2,
      "coverage_threshold": 0.55,
      "convergence_patience": 50,
      "best_interval_std_weight": 1.0,
      "tolerance": 0.95,
      "save_period_csv": true,
      "save_result_json": true,
      "max_workers": 24
    },
    "additional_metadata": {
      "input_folder": "src/data/period_identification/wadi_enip/raw/wadi_capture_00045_20231218121005",
      "output_folder": "src/data/period_identification/wadi_enip/results/wadi_capture_00045_20231218121005",
      "scada_ip_filter": "",
      "total_files_processed": 7,
      "successful_periods": 7
    }
  },
  "session_period_mapping": {
    "by_period": {
      "2": [
        "('192.168.1.53', '192.168.1.63', 6)",
        "('192.168.1.3', '192.168.1.63', 6)",
        "('192.168.1.53', '192.168.1.67', 6)"
      ],
      "4": [
        "('192.168.1.3', '192.168.1.67', 6)",
        "('192.168.1.13', '192.168.1.63', 6)"
      ],
      "6": [
        "('192.168.1.13', '192.168.1.67', 6)"
      ],
      "3": [
        "('192.168.1.3', '192.168.1.60', 6)"
      ]
    },
    "by_session": {
      "('192.168.1.53', '192.168.1.63', 6)": 2,
      "('192.168.1.3', '192.168.1.63', 6)": 2,
      "('192.168.1.53', '192.168.1.67', 6)": 2,
      "('192.168.1.3', '192.168.1.67', 6)": 4,
      "('192.168.1.13', '192.168.1.63', 6)": 4,
      "('192.168.1.13', '192.168.1.67', 6)": 6,
      "('192.168.1.3', '192.168.1.60', 6)": 3
    }
  },
  "detailed_period_info": {
    "('192.168.1.53', '192.168.1.63', 6)": {
      "period": 2,
      "period_pattern": "C-108-0x0070:0x4C,S-383-0x0070:0xCC",
      "period_interval": 0.9931894288613246,
      "period_std": 0.30919472217701743,
      "autocorr_score": 0.8039934568606004,
      "coverage": 0.579750346740638,
      "similaritys_mean": 1.0,
      "segment_count": 209
    },
    "('192.168.1.3', '192.168.1.67', 6)": {
      "period": 4,
      "period_pattern": "C-108-0x0070:0x4C,S-594-0x0070:0xCC,C-108-0x0070:0x4C,S-119-0x0070:0xCC",
      "period_interval": 0.6695859338107862,
      "period_std": 0.3766109516399279,
      "autocorr_score": 0.7982958579618185,
      "coverage": 0.7840616966580977,
      "similaritys_mean": 1.0,
      "segment_count": 305
    },
    "('192.168.1.3', '192.168.1.63', 6)": {
      "period": 2,
      "period_pattern": "C-108-0x0070:0x4C,S-400-0x0070:0xCC",
      "period_interval": 1.0026464625102718,
      "period_std": 0.32159540467300934,
      "autocorr_score": 0.8155729207158925,
      "coverage": 0.5730180806675939,
      "similaritys_mean": 1.0,
      "segment_count": 206
    },
    "('192.168.1.13', '192.168.1.63', 6)": {
      "period": 4,
      "period_pattern": "C-108-0x0070:0x4C,S-594-0x0070:0xCC,C-108-0x0070:0x4C,S-594-0x0070:0xCC",
      "period_interval": 0.4213174995278165,
      "period_std": 0.5019523785516729,
      "autocorr_score": 0.7777583419256745,
      "coverage": 0.7439490445859872,
      "similaritys_mean": 1.0,
      "segment_count": 292
    },
    "('192.168.1.53', '192.168.1.67', 6)": {
      "period": 2,
      "period_pattern": "C-108-0x0070:0x4C,S-506-0x0070:0xCC",
      "period_interval": 0.6725841124080917,
      "period_std": 0.3804909856404714,
      "autocorr_score": 0.8714732300902559,
      "coverage": 0.6623931623931624,
      "similaritys_mean": 1.0,
      "segment_count": 310
    },
    "('192.168.1.13', '192.168.1.67', 6)": {
      "period": 6,
      "period_pattern": "C-108-0x0070:0x4C,S-594-0x0070:0xCC,C-108-0x0070:0x4C,S-594-0x0070:0xCC,C-108-0x0070:0x4C,S-594-0x0070:0xCC",
      "period_interval": 0.670601097376723,
      "period_std": 0.3889881406639428,
      "autocorr_score": 0.8417432117582216,
      "coverage": 0.6900452488687783,
      "similaritys_mean": 1.0,
      "segment_count": 305
    },
    "('192.168.1.3', '192.168.1.60', 6)": {
      "period": 3,
      "period_pattern": "C-120-0x0070:0x4C,C-138-0x006F:0x52,C-138-0x006F:0x52",
      "period_interval": 0.02008393984909846,
      "period_std": 0.013139253114231756,
      "autocorr_score": 0.7583147250507952,
      "coverage": 0.8868722466960353,
      "similaritys_mean": 1.0,
      "segment_count": 5033
    }
  }
}