{
  "metadata": {
    "dataset_name": "wadi_enip",
    "created_at": "2025-10-29T14:42:32.001349",
    "total_periods": 7,
    "unique_periods": 4,
    "config_info": {
      "detection_mode": "dir_len_con",
      "autocorr_threshold": 0.7,
      "max_lag": 40,
      "min_segments": 10,
      "similarity_threshold": 0.98,
      "time_jitter_ratio": 1.2,
      "coverage_threshold": 0.55,
      "convergence_patience": 50,
      "best_interval_std_weight": 1.0,
      "tolerance": 0.95,
      "save_period_csv": true,
      "save_result_json": true,
      "max_workers": 24
    },
    "additional_metadata": {
      "input_folder": "src/data/period_identification/wadi_enip/raw/wadi_capture_00048_20231218122037",
      "output_folder": "src/data/period_identification/wadi_enip/results/wadi_capture_00048_20231218122037",
      "scada_ip_filter": "",
      "total_files_processed": 7,
      "successful_periods": 7
    }
  },
  "session_period_mapping": {
    "by_period": {
      "2": [
        "('192.168.1.53', '192.168.1.63', 6)",
        "('192.168.1.3', '192.168.1.63', 6)",
        "('192.168.1.53', '192.168.1.67', 6)"
      ],
      "4": [
        "('192.168.1.3', '192.168.1.67', 6)"
      ],
      "6": [
        "('192.168.1.13', '192.168.1.63', 6)",
        "('192.168.1.13', '192.168.1.67', 6)"
      ],
      "3": [
        "('192.168.1.3', '192.168.1.60', 6)"
      ]
    },
    "by_session": {
      "('192.168.1.53', '192.168.1.63', 6)": 2,
      "('192.168.1.3', '192.168.1.63', 6)": 2,
      "('192.168.1.53', '192.168.1.67', 6)": 2,
      "('192.168.1.3', '192.168.1.67', 6)": 4,
      "('192.168.1.13', '192.168.1.63', 6)": 6,
      "('192.168.1.13', '192.168.1.67', 6)": 6,
      "('192.168.1.3', '192.168.1.60', 6)": 3
    }
  },
  "detailed_period_info": {
    "('192.168.1.53', '192.168.1.63', 6)": {
      "period": 2,
      "period_pattern": "C-108-0x0070:0x4C,S-383-0x0070:0xCC",
      "period_interval": 1.0027762196490153,
      "period_std": 0.33241034963902893,
      "autocorr_score": 0.7777484502613387,
      "coverage": 0.5753803596127247,
      "similaritys_mean": 1.0,
      "segment_count": 208
    },
    "('192.168.1.3', '192.168.1.67', 6)": {
      "period": 4,
      "period_pattern": "C-108-0x0070:0x4C,S-594-0x0070:0xCC,C-108-0x0070:0x4C,S-119-0x0070:0xCC",
      "period_interval": 0.6594601010347342,
      "period_std": 0.2889716326711381,
      "autocorr_score": 0.8015356055295816,
      "coverage": 0.789272030651341,
      "similaritys_mean": 1.0,
      "segment_count": 309
    },
    "('192.168.1.3', '192.168.1.63', 6)": {
      "period": 2,
      "period_pattern": "C-108-0x0070:0x4C,S-400-0x0070:0xCC",
      "period_interval": 0.9978689824901341,
      "period_std": 0.34039747782987445,
      "autocorr_score": 0.7989242597460062,
      "coverage": 0.5714285714285714,
      "similaritys_mean": 1.0,
      "segment_count": 208
    },
    "('192.168.1.13', '192.168.1.63', 6)": {
      "period": 6,
      "period_pattern": "C-108-0x0070:0x4C,S-594-0x0070:0xCC,C-108-0x0070:0x4C,S-594-0x0070:0xCC,C-108-0x0070:0x4C,S-594-0x0070:0xCC",
      "period_interval": 0.8352891488290911,
      "period_std": 0.4452425829683165,
      "autocorr_score": 0.7259077947533882,
      "coverage": 0.7575757575757576,
      "similaritys_mean": 1.0,
      "segment_count": 200
    },
    "('192.168.1.53', '192.168.1.67', 6)": {
      "period": 2,
      "period_pattern": "C-108-0x0070:0x4C,S-506-0x0070:0xCC",
      "period_interval": 0.6645194730057884,
      "period_std": 0.2762605774951343,
      "autocorr_score": 0.8880148429784052,
      "coverage": 0.6709401709401709,
      "similaritys_mean": 1.0,
      "segment_count": 314
    },
    "('192.168.1.13', '192.168.1.67', 6)": {
      "period": 6,
      "period_pattern": "C-108-0x0070:0x4C,S-594-0x0070:0xCC,C-108-0x0070:0x4C,S-594-0x0070:0xCC,C-108-0x0070:0x4C,S-594-0x0070:0xCC",
      "period_interval": 0.6555473243036578,
      "period_std": 0.27891720607267045,
      "autocorr_score": 0.8508163091667674,
      "coverage": 0.6999249812453113,
      "similaritys_mean": 1.0,
      "segment_count": 311
    },
    "('192.168.1.3', '192.168.1.60', 6)": {
      "period": 3,
      "period_pattern": "C-120-0x0070:0x4C,C-138-0x006F:0x52,C-138-0x006F:0x52",
      "period_interval": 0.01996402468326396,
      "period_std": 0.013601134439406918,
      "autocorr_score": 0.7462765423215812,
      "coverage": 0.8823425855290182,
      "similaritys_mean": 1.0,
      "segment_count": 5012
    }
  }
}